{
  "DalamudRichPresenceInMenus": {
    "message": "메뉴",
    "description": "Dalamud.RichPresence.Details.InMenus"
  },
  "DalamudRichPresenceLevel": {
    "message": "레벨 {0}",
    "description": "Dalamud.RichPresence.Job.Level"
  },
  "DalamudRichPresenceOnline": {
    "message": "온라인",
    "description": "Dalamud.RichPresence.Status.Online"
  },
  "DalamudRichPresenceTheSource": {
    "message": "소스",
    "description": "Dalamud.RichPresence.Place.TheSource"
  },
  "DalamudRichPresenceVoid": {
    "message": "보이드",
    "description": "Dalamud.RichPresence.Zone.Void"
  },
  "DalamudRichPresenceUnknown": {
    "message": "불명",
    "description": "Dalamud.RichPresence.PlaceZone.Unknown"
  },
  "DalamudRichPresenceOpenConfiguration": {
    "message": "Discord Rich Presence 설정 열기.",
    "description": "Dalamud.RichPresence.OpenConfiguration"
  },
  "DalamudRichPresenceConfiguration": {
    "message": "Discord Rich Presence 설정",
    "description": "Dalamud.RichPresence.Configuration"
  },
  "DalamudRichPresencePreface1": {
    "message": "이 창은 Discord Rich Presence 설정 창입니다.",
    "description": "Dalamud.RichPresence.Configuration.Preface.Line1"
  },
  "DalamudRichPresencePreface2": {
    "message": "디스코드를 관리자 권한으로 실행하지 않았는지, 활동 개인정보를 활성화했는지 확인하세요.",
    "description": "Dalamud.RichPresence.Configuration.Preface.Line2"
  },
  "DalamudRichPresenceShowName": {
    "message": "캐릭터명 표시하기",
    "description": "Dalamud.RichPresence.Configuration.ShowName"
  },
  "DalamudRichPresenceShowFreeCompany": {
    "message": "자유부대 약칭 표시하기",
    "description": "Dalamud.RichPresence.Configuration.ShowFreeCompany"
  },
  "DalamudRichPresenceShowWorld": {
    "message": "서버 이름 표시하기",
    "description": "Dalamud.RichPresence.Configuration.ShowWorld"
  },
  "DalamudRichPresenceShowStartTime": {
    "message": "현재 지역에서 보낸 시간 표시하기",
    "description": "Dalamud.RichPresence.Configuration.ShowStartTime"
  },
  "DalamudRichPresenceResetTimeWhenChangingZones": {
    "message": "지역 이동할 때 타이머 초기화하기",
    "description": "Dalamud.RichPresence.Configuration.ResetTimeWhenChangingZones"
  },
  "DalamudRichPresenceShowJob": {
    "message": "현재 직업 표시하기",
    "description": "Dalamud.RichPresence.Configuration.ShowJob"
  },
  "DalamudRichPresenceAbbreviateJob": {
    "message": "현재 직업명 약칭으로 표시하기",
    "description": "Dalamud.RichPresence.Configuration.AbbreviateJob"
  },
  "DalamudRichPresenceShowLevel": {
    "message": "현재 직업 레벨 표시하기",
    "description": "Dalamud.RichPresence.Configuration.ShowLevel"
  },
  "DalamudRichPresenceSaveAndClose": {
    "message": "저장하고 닫기",
    "description": "Dalamud.RichPresence.Configuration.SaveAndClose"
  },
  "DalamudRichPresenceInADuty": {
    "message": "임무중",
    "description": "Dalamud.RichPresence.InADuty"
  },
  "DalamudRichPresenceShowParty": {
    "message": "현재 파티 표시하기",
    "description": "Dalamud.RichPresence.Configuration.ShowParty"
  },
  "DalamudRichPresenceShowAFK": {
    "message": "자리비움 상태 표시하기",
    "description": "Dalamud.RichPresence.Configuration.ShowAFK"
  },
  "DalamudRichPresenceInLoginQueue": {
    "message": "대기열 번호 (#{0})",
    "description": "Dalamud.RichPresence.Details.InLoginQueue"
  },
  "DalamudRichPresenceQueueEstimate": {
    "message": "남은 시간: {0:h':'mm':'ss}",
    "description": "Dalamud.RichPresence.Details.QueueEstimate"
  },
  "DalamudRichPresenceShowLoginQueuePosition": {
    "message": "대기열 표시하기",
    "description": "Dalamud.RichPresence.Configuration.ShowLoginQueuePosition"
  },
  "DalamudRichPresenceShowLoginQueuePositionDetail": {
    "message": "이 기능은 Waitingway 플러그인이 필요합니다.",
    "description": "Dalamud.RichPresence.Configuration.ShowLoginQueuePositionDetail"
  }
}