{
  "Author": "goat, modded by Franz",
  "Name": "Discord Chat Bridge",
  "InternalName": "Dalamud.DiscordBridge",
  "AssemblyVersion": "1.4.3.0",
  "Description": "This plugin allows you to receive your chat messages via Discord.",
  "ApplicableVersion": "any",
  "RepoUrl": "https://github.com/reiichi001/Dalamud.DiscordBridge",
  "Tags": [
    "discord",
    "chat"
  ],
  "DalamudApiLevel": 8,
  "LoadRequiredState": 0,
  "LoadSync": false,
  "CanUnloadAsync": false,
  "LoadPriority": 0,
  "Punchline": "Receive your chat messages via Discord.",
  "Changelog": "Adds a bandaid for Discord's new username changes. Remember to thank Discord for removing discrimination from their platform. The bot also always accepted user ID numbers, but now it's explicitly mentioned in the setup window.'.\n\nAdds the following new commands:\n- xl!toggledefaultnameavatar - Switches webhook mode to use a generic bot username and avatar so messages stack. Should be combined with xl!togglesender or you will have no idea who said what.",
  "AcceptsFeedback": true
}