{
  "Author": "XIV Tools",
  "Name": "Customize+",
  "InternalName": "CustomizePlus",
  "AssemblyVersion": "0.0.1.6",
  "Description": "A plugin that allows you to create and apply Anamnesis-style body scaling full time.",
  "ApplicableVersion": "any",
  "Tags": [
    "anamnesis",
    "customize",
    "XIV Tools"
  ],
  "DalamudApiLevel": 8,
  "LoadRequiredState": 0,
  "LoadSync": false,
  "LoadPriority": 0,
  "Punchline": "Customize your character beyond FFXIV's limitations.",
  "AcceptsFeedback": true
}