<?xml version="1.0"?>
<doc>
    <assembly>
        <name>CustomizePlus</name>
    </assembly>
    <members>
        <member name="M:CustomizePlus.BodyScale.#ctor">
            <summary>
            Initializes a new instance of the <see cref="T:CustomizePlus.BodyScale"/> class.
            Constructs a blank BodyScale object with no bones and mostly-empty properties.
            </summary>
        </member>
        <member name="M:CustomizePlus.BodyScale.#ctor(CustomizePlus.BodyScale)">
            <summary>
            Initializes a new instance of the <see cref="T:CustomizePlus.BodyScale"/> class.
            Copy Constructor. Performs deep copies of individual bones and poses.
            </summary>
        </member>
        <member name="M:CustomizePlus.BodyScale.BuildDefault">
            <summary>
            Constructs a "default" bodyscale with standard collection of bones.
            </summary>
        </member>
        <member name="M:CustomizePlus.BodyScale.TryGetBone(System.String,CustomizePlus.Data.BoneEditsContainer@)">
            <summary>
            Returns whether or not this BodyScale contains a bone with the given codename.
            If it does, the BoneEditsContainer is passed out by reference.
            </summary>
        </member>
        <member name="M:CustomizePlus.BodyScale.TryGetMirror(System.String,CustomizePlus.Data.BoneEditsContainer@)">
            <summary>
            Returns whether or not this BodyScale contains a bone that is the mirror-image of a bone with the given codename.
            If it does, the BoneEditsContainer is passed out by reference.
            </summary>
        </member>
        <member name="M:CustomizePlus.BodyScale.CreateDefaultBoneList">
            <summary>
            Fill this BodyScale's bone list with every Default bone it doesn't already have
            </summary>
        </member>
        <member name="M:CustomizePlus.BodyScale.TryRepopulateBoneList">
            <summary>
            Attempts to fill this BodyScale's bone list by scraping bone info from the game using
            the <see cref="F:CustomizePlus.BodyScale.CharacterName"/>. Returns whether doing so was successful.
            </summary>
        </member>
        <member name="M:CustomizePlus.BodyScale.GetPrunedScale">
            <summary>
            Returns a compact BodyScale including only bones that have edits applied to them,
            except for the Root bone, which is included regardless.
            </summary>
        </member>
        <member name="T:CustomizePlus.Data.Configuration.ConfigurationVersion">
            <summary>
            Wrapper object which allows us to read configuration version no matter the actual configuration file contents
            </summary>
        </member>
        <member name="F:CustomizePlus.Data.Constants.ConfigurationVersion">
            <summary>
            Version of the configuration file, when increased a converter should be implemented if necessary
            </summary>
        </member>
        <member name="F:CustomizePlus.Data.Constants.ImportExportVersion">
            <summary>
            Version of the scales imported/exported via clipboard, usually should match ConfigurationVersion
            </summary>
        </member>
        <member name="T:CustomizePlus.Interface.ConfirmationDialog">
            <summary>
            Simple "OK/Cancel" dialog as a safety precaution against lossy procedures.
            </summary>
        </member>
        <member name="M:CustomizePlus.Interface.ConfirmationDialog.Show(System.String,System.Action,System.String,System.String,System.String)">
            <summary>
            Displays a prompt requiring the user to confirm or cancel the execution of some Action.
            </summary>
            <param name="msg">Message to display to the user.</param>
            <param name="performUponConfirmation">Action to perform if user responds in the affirmative.</param>
            <param name="title">Title for the window (default "Confirmation").</param>
            <param name="confirm">Label for confirm button (default "OK").</param>
            <param name="cancel">Label for cancel button (default "Cancel").</param>
        </member>
        <member name="T:CustomizePlus.Interface.MessageWindow">
            <summary>
            Very basic message window implementation to show the window which might be shown once or multiple times and can execute some action after being closed
            </summary>
        </member>
        <member name="M:CustomizePlus.Interface.MessageWindow.Show(System.String,System.Nullable{System.Numerics.Vector2},System.Action,System.String)">
            <summary>
            Show message window
            </summary>
            <param name="text">Window test</param>
            <param name="windowSize">Optional window size</param>
            <param name="onButtonPressed">Action to be executed when button is pressed</param>
            <param name="windowId">Window id, if set will only show this window once and never again</param>
        </member>
        <member name="P:CustomizePlus.Interface.WindowBase.DrawTitle">
            <summary>
            Normally you wouldn't want to override this
            </summary>
        </member>
        <member name="T:CustomizePlus.Services.PosingModeDetectService">
            <summary>
            Service which detects if Anamnesis/Ktisis posing mode is enabled
            </summary>
        </member>
        <member name="T:CustomizePlus.Util.ConfigurationManager">
            <summary>
            Configuration manager. Implemented because dalamud can't handle several configuration classes in a single plugin properly.
            </summary>
        </member>
        <member name="M:CustomizePlus.Util.ConfigurationManager.GetCurrentConfigurationVersion">
            <summary>
            Returns current configuration file version, returns null if configuration file does not exist.
            </summary>
        </member>
    </members>
</doc>
